id;email;phone;address;street;city;country_id
1;Wilfrid47@hotmail.com;074-843-1446;Generic Frozen Tuna HTTP;Armstrong Forks;Torreyport;1
2;Russell_Lind@yahoo.com;609.690.8569;North Dakota incubate deposit;Karli Lodge;Weissnatstad;1
3;Reggie_Willms@yahoo.com;120-213-0006;robust withdrawal generate;Hayes Rapid;Gerlachburgh;1
4;Billy.Pouros62@yahoo.com;1-807-489-2514 x75859;infrastructures incentivize quantify;Tomas Hills;Ryannberg;1
5;Marilie_Rohan23@yahoo.com;1-395-548-3328;streamline;Susana Branch;Boscoborough;1
6;Verna_Wiegand48@gmail.com;460.402.6356 x279;neural Wooden Optimization;Zieme Walks;Anabelview;1
7;Shirley_Little@hotmail.com;1-916-786-8180;Algerian Dinar Fantastic Fresh Salad;Bode River;Arvelberg;1
8;Krista.Hintz88@hotmail.com;299-957-3370 x47357;Triple-buffered array;Funk Light;West Janaemouth;1
9;Nannie.Carter82@gmail.com;776-529-4342 x0852;Assistant Industrial;Alphonso Walk;Port Alta;1
10;Thurman.Zemlak25@yahoo.com;690.516.2624 x966;iterate protocol;Williamson Unions;Beerhaven;1
